sample id,barcode,linkerPrimerSequence,Plate,wellPosition,sequenceName,category,description
001W1,TGATGTGCTAAG,CCGGACTACHVGGGTWTCTAAT,Plate3,E01,806rcbc240,smoker,finger
006W1,TGCATACACTGG,CCGGACTACHVGGGTWTCTAAT,Plate1,B01,806rcbc12,smoker,finger
010W1,TCCCTTGTCTCC,CCGGACTACHVGGGTWTCTAAT,Plate1,A01,806rcbc0,smoker,finger
011W1,TTAAGACAGTCG,CCGGACTACHVGGGTWTCTAAT,Plate2,G01,806rcbc168,smoker,finger
012W1,CGTATAAATGCG,CCGGACTACHVGGGTWTCTAAT,Plate3,B01,806rcbc204,smoker,finger
014W1,TGACTAATGGCC,CCGGACTACHVGGGTWTCTAAT,Plate3,C01,806rcbc216,smoker,finger
016W1,CACTACGCTAGA,CCGGACTACHVGGGTWTCTAAT,Plate1,D01,806rcbc36,smoker,finger
017W1,TCGTGCGTGTTG,CCGGACTACHVGGGTWTCTAAT,Plate2,F01,806rcbc156,smoker,finger
018W1,TCAGTTCTCGTT,CCGGACTACHVGGGTWTCTAAT,Plate2,E12,806rcbc155,smoker,finger
101W1,CGGTCAATTGAC,CCGGACTACHVGGGTWTCTAAT,Plate1,F01,806rcbc60,non_smoker,finger
104W1,TACCGCTTCTTC,CCGGACTACHVGGGTWTCTAAT,Plate2,A01,806rcbc96,non_smoker,finger
106W1,AGTAGCGGAAGA,CCGGACTACHVGGGTWTCTAAT,Plate2,C01,806rcbc120,non_smoker,finger
107W1,TCCTCGAGCGAT,CCGGACTACHVGGGTWTCTAAT,Plate2,D01,806rcbc132,non_smoker,finger
108W1,TTAGAGCCATGC,CCGGACTACHVGGGTWTCTAAT,Plate2,E01,806rcbc144,non_smoker,finger